# category|id|Wikipedia article|child-friendly explanation
stationery|pencil|Pencil|是一種用石墨筆芯寫字或畫畫的文具。筆跡通常可以用擦膠擦掉，筆尖鈍了可以用鉛筆刨削尖。
stationery|ruler|Ruler|是量度長度和畫直線的工具。尺上有刻度，可以看出物件有多少厘米長。
stationery|rubber|Eraser|是用來擦去鉛筆筆跡的文具。寫錯字或畫錯線時，可以輕輕擦掉後再寫。
stationery|glue|Glue stick|是把紙張或其他材料黏在一起的用品。做手工時常會用到，用完要蓋好蓋子。
stationery|crayon|Crayon|是用有顏色的蠟製成的畫筆。可以用來畫線和填色，通常不用加水就能畫畫。
stationery|pen|Ballpoint pen|是利用筆尖的小圓珠把墨水帶到紙上的筆。常用來寫字，筆跡一般不能用普通擦膠擦掉。
stationery|marker|Marker pen|是一種筆尖較粗、使用墨水的筆。常用來寫大字或在紙箱上作記號，有些款式的筆跡不容易擦掉。
stationery|highlighter|Highlighter|是用透明而鮮艷的墨水標記文字的筆。畫在字上後仍看得到文字，方便找出重要內容。
stationery|notebook|Notebook|是把多張紙裝訂在一起的簿。可以記下課堂重點、想法或待辦事項，也可以用來畫畫。
stationery|exercise-book|Exercise book|是學生用來做功課和練習的簿。內頁可能有橫線或方格，幫助把字寫得整齊。
stationery|paper|Paper|是可以寫字、畫畫或打印的薄片材料。也可以摺疊、剪裁，製作卡片和其他手工作品。
stationery|scissors|Scissors|是有兩片刀刃和手柄的剪裁工具。可以剪紙或布，刀刃鋒利，使用時要小心並由成人指導。
stationery|stapler|Stapler|是把釘書釘壓穿紙張，將多張紙固定在一起的工具。用時要讓手指遠離出釘的位置。
stationery|paper-clip|Paper clip|是用彎曲的金屬線等材料製成的小夾子。可以把幾張紙夾在一起，不必在紙上打孔。
stationery|pencil-case|Pencil case|是盛載鉛筆、擦膠和其他小文具的袋或盒。把文具放在一起，帶回學校時較方便。
stationery|sharpener|Pencil sharpener|是把鉛筆的木頭和筆芯削去一小部分的工具。可以令筆尖變尖，方便寫字和畫細線。
stationery|calculator|Calculator|是幫助計算數字的工具。按下數字和運算按鈕後，螢幕會顯示加、減、乘、除等計算結果。
stationery|paintbrush|Paintbrush|是有手柄和刷毛的畫畫工具。沾上顏料後可以畫線或塗色，用完要按顏料種類清潔刷毛。
stationery|palette|Palette (painting)|是畫畫時放置和混合顏料的板或碟。把不同顏色混在一起，可以調出新的顏色。
stationery|folder|File folder|是整理和保護文件的用品。可以把功課、通知或畫紙放進去，避免散失或摺皺。
stationery|sticky-note|Post-it note|是背面有一小部分黏膠的便條紙。可以寫上提醒，再貼在簿或桌邊，通常可以取下重新貼。
stationery|compass|Compass (drawing tool)|是用來畫圓的文具，一邊固定圓心，另一邊畫線。兩腳之間的距離決定圓的大小，尖端要小心使用。
stationery|protractor|Protractor|是用來量度或畫出角度的工具。上面的刻度以「度」表示，常見款式是半圓形。
stationery|set-square|Set square|是三角形的尺，常用來畫直角和其他固定角度。把尺邊貼好，就能畫出整齊的直線。
stationery|correction-tape|Correction tape|是用白色薄帶遮蓋寫錯文字的文具。把帶貼在筆跡上後，可以在上面重新寫字。
daily-items|toothbrush|Toothbrush|是清潔牙齒的小刷子。配合牙膏輕輕刷牙，可以清除牙齒表面的食物殘渣和牙菌膜。
daily-items|towel|Towel|是用吸水的布料製成的用品。洗手或洗澡後，可以用它抹乾身體，使用後要晾乾。
daily-items|cup|Cup|是盛載水或其他飲品的容器。一般有開口，有些有手柄，喝熱飲時要小心燙手。
daily-items|umbrella|Umbrella|是可以張開和收起的遮擋用品。下雨時擋雨，有些款式也能遮陽，打開時要留意旁邊的人。
daily-items|backpack|Backpack|是有兩條肩帶、背在背上的袋。可以放書本或外出用品，使用兩條肩帶能較平均分配重量。
daily-items|soap|Soap|是配合水使用的清潔用品。洗手時搓出泡沫，再用清水沖乾淨，可以洗去污垢。
daily-items|shampoo|Shampoo|是用來清洗頭髮和頭皮的清潔用品。加水搓出泡沫後要沖乾淨，避免流進眼睛。
daily-items|comb|Comb|是有一排齒的梳理工具。可以整理頭髮和分出髮界，梳頭時要輕輕梳開打結的位置。
daily-items|hairbrush|Hairbrush|是有刷毛或刷齒的頭髮整理工具。可以梳順頭髮，與通常只有一排齒的梳不同。
daily-items|toothpaste|Toothpaste|是刷牙時塗在牙刷上的清潔用品。配合正確刷牙方法清潔牙齒，刷完應吐出泡沫，不要吞下。
daily-items|tissue|Facial tissue|是柔軟而薄的紙，常用來抹鼻子、嘴巴或小量污漬。用過的紙巾要放入垃圾桶。
daily-items|toilet-paper|Toilet paper|是上廁所後清潔身體用的紙。常捲成一卷放在洗手間，使用時應取適量。
daily-items|slippers|Slipper|是容易穿上和脫下的鞋，常在室內穿着。有些沒有後跟，走路時要小心不要滑倒。
daily-items|shoes|Shoe|是穿在腳上的用品。可以保護腳底，不同活動會穿不同的鞋，例如上學穿校鞋，運動穿運動鞋。
daily-items|socks|Sock|是套在腳上的衣物，通常穿在鞋裏面。可以吸汗、保暖，也減少腳與鞋之間的摩擦。
daily-items|hat|Hat|是戴在頭上的用品。不同款式可以遮陽、保暖或配搭衣服，例如有帽簷的帽可以擋住部分陽光。
daily-items|gloves|Glove|是套在手上的用品。可以保暖或保護雙手，不同用途會用不同材料，例如冬天常用毛線手套。
daily-items|belt|Belt (clothing)|是繫在腰間的帶。可以把褲子固定好，有些也用來裝飾，通常用扣子調整鬆緊。
daily-items|wallet|Wallet|是盛載鈔票、卡和零錢的小袋。可以放在口袋或手袋裏，外出時要保管好。
daily-items|key|Key (lock)|是用來打開或鎖上相配鎖具的小工具。不同鎖匙通常配不同的鎖，不能隨便交換使用。
daily-items|lunch-box|Lunchbox|是帶飯或盛載食物的盒。通常有蓋子，方便把午餐帶到學校或工作地方。
daily-items|bottle|Water bottle|是盛載飲用水的容器。通常有樽蓋，方便帶出門，用完要清洗並保持乾淨。
daily-items|shopping-bag|Reusable shopping bag|是購物時盛載貨品的袋。耐用的購物袋可以重複使用，外出購物時自備袋可減少用即棄袋。
daily-items|clock|Clock|是顯示時間的工具。指針款有時針和分針，電子款則用數字告訴我們現在幾點。
daily-items|mirror|Mirror|是能反射影像的用品。照鏡時可以看到自己的樣子，常用來整理頭髮和衣服。
furniture|sofa|Couch|是有靠背和軟墊的座椅，通常可讓幾個人一起坐。常放在客廳，供人休息或聊天。
furniture|bed|Bed|是供人睡覺和休息的家具。通常由床架和床褥組成，上面會放枕頭和被鋪。
furniture|table|Table (furniture)|是用來放飯菜和用餐的桌子。人們圍着桌子坐下，方便一起吃飯，桌面也可以放餐具和水杯。
furniture|chair|Chair|是通常供一個人坐的家具。一般有座面、椅腳和靠背，可以放在桌子旁使用。
furniture|wardrobe|Wardrobe|是用來存放衣服的櫃。裏面常有掛衣杆和層板，可以把衣服掛起或摺好收起。
furniture|desk|Desk|是用來讀書、寫字或工作的桌子。桌面可放書本和文具，有些附有抽屜。
furniture|stool|Stool (seat)|是通常沒有靠背的小座椅。體積較小，坐下時要放穩，不能隨意站上去玩。
furniture|bookshelf|Bookcase|是用來擺放和整理書本的架。通常有多層，把書排好後較容易找到想看的書。
furniture|cabinet|Cabinet (furniture)|是存放物件的家具，通常有櫃門或抽屜。可以把日用品收好，令家中較整齊。
furniture|drawer|Drawer|是家具中可以拉出和推回的小儲物格。常用來放文具或小物件，推回時要小心夾手。
furniture|cupboard|Cupboard|是用來收納碗、碟或其他物件的櫃。常放在廚房或飯廳，方便取用餐具。
furniture|dining-table|Table (furniture)|是吃飯時使用的桌子，也叫飯桌。桌面放餐具和食物，旁邊通常擺放餐椅。
furniture|coffee-table|Coffee table|是放在梳化前面的矮桌。可以放水杯、書本或遙控器，方便坐着時取用。
furniture|bedside-table|Nightstand|是放在床邊的小櫃或小桌。可以放燈、眼鏡或書，有些有抽屜收納小物件。
furniture|armchair|Armchair|是兩旁有扶手的椅子。坐下時可以把手臂放在扶手上，常用來休息或閱讀。
furniture|bench|Bench (furniture)|是較長、可讓幾個人一起坐的座椅。常見於公園或等候區，有些有靠背，有些沒有。
furniture|bunk-bed|Bunk bed|是上下疊放的兩張床，可以節省房間空間。上層通常有護欄，要依成人指示安全使用。
furniture|mattress|Mattress|是放在床架上的厚墊。睡覺時承托身體，讓人躺得較舒服，常用彈簧、海綿或其他柔軟材料製成。
furniture|pillow|Pillow|是睡覺時墊在頭下的軟墊。可以承托頭和頸，外面通常套有可以清洗的枕袋。
furniture|blanket|Blanket|是用較厚或柔軟布料製成的蓋身用品。天冷時可以蓋在身上保暖，也可以放在床或梳化上。
furniture|curtain|Curtain|是掛在窗前的布或其他遮擋物。拉上時可以減少光線和保護私隱，拉開時讓光線進入。
furniture|carpet|Carpet|是鋪在地上的厚織物。可以讓腳踏上去較柔軟，也有裝飾和減少部分聲音的作用。
furniture|lamp|Light fixture|是放在桌面上的照明用品。常用來照亮閱讀或寫字的位置，使用時不要遮住散熱位置。
furniture|shelf|Shelf (storage)|是有一層或多層平板的架。可以擺放書本、盒子或日用品，重物應放穩，不能攀爬。
furniture|shoe-rack|Shoe rack|是用來擺放和整理鞋子的架。常放在門口附近，讓鞋子不會散放在通道上。
transport|bus|Bus|是載着許多乘客、按路線行駛的大型車輛。乘客在巴士站上落車，香港也常見雙層巴士。
transport|train|Train|是在路軌上行駛的交通工具。通常有多個車廂，可以運送乘客或貨物。
transport|taxi|Taxi|是可付費乘搭、由司機駕駛的車輛。乘客告訴司機目的地，車費常按咪錶或當地規則計算。
transport|bicycle|Bicycle|是通常有兩個輪、靠人踩腳踏前進的車。踩踏時帶動車輪，騎車要佩戴合適頭盔和注意道路安全。
transport|aeroplane|Airplane|是有機翼、能在空中飛行的交通工具。可以把乘客和貨物帶到較遠的地方，通常在機場升降。
transport|car|Car|是供個人或家庭使用的汽車。通常載幾名乘客，乘車時要扣好安全帶或使用合適兒童座椅。
transport|minibus|Public light bus|是比普通巴士小的載客車。在香港常見紅色或綠色車頂的小巴，座位較少。
transport|tram|Trams in Hong Kong|是在街道路軌上、以電力行駛的車。在香港島常見雙層電車，人們也叫它「叮叮」。
transport|ferry|Star Ferry|是定時來往碼頭、載客或載車過水的船。香港的渡輪可以接駁海港兩岸或離島。
transport|ship|Ship|是較大型、能在水上航行的船隻。可用來運送貨物或乘客，通常在碼頭停泊。
transport|boat|Boat|是能浮在水上、載人或物件的船，通常比大型輪船小。可以靠划槳、風帆或引擎前進。
transport|van|Van|是可運送乘客或貨物的車輛。車身後部通常有較大的空間，用來載人或放貨物。
transport|lorry|Truck|是主要用來運送貨物的大型車輛。後面有貨斗或貨箱，能運載比私家車更多、更重的物件。
transport|motorcycle|Motorcycle|是有引擎、通常有兩個輪的車。駕駛者跨坐在車上，乘坐時須佩戴合規格頭盔。
transport|scooter|Kick scooter|是有腳踏板、車輪和手把的滑行工具。站在踏板上，用另一隻腳蹬地前進，這裏指無引擎的滑板車。
transport|helicopter|Helicopter|是靠頂部旋轉的旋翼飛行的航空器。可以垂直起飛和降落，也可停留在空中。
transport|rocket|Rocket|是噴出高速氣體來推動自己前進的裝置。可以把衞星或太空船送往太空，不是一般載客飛機。
transport|ambulance|Ambulance|是運送病人或傷者接受治療的車輛。車上有急救設備，執行緊急任務時會使用警號和閃燈。
transport|fire-engine|Fire engine|是消防員執行救火和救援工作時用的車。車上可裝有水喉、水泵、梯子或其他救援工具。
transport|police-car|Police car|是警員巡邏或處理事故時使用的車。通常有警燈，在緊急工作時可使用警號。
transport|school-bus|School bus|是接送學生往返學校的車輛。乘搭時要坐好，不要把頭或手伸出車窗。
transport|cable-car|Ngong Ping 360|是沿着纜索行走、運送乘客的車廂。這裏指懸在空中的吊車，例如香港昂坪纜車。
transport|light-rail|Light Rail (MTR)|是在路軌上行駛的公共交通工具，車廂通常較短。香港的輕鐵主要服務新界西北一帶。
transport|underground|MTR|是城市中的鐵路交通工具，很多路段在地下，也有地面和高架路段。乘客在車站乘車，香港常稱為港鐵。
transport|coach|Coach (bus)|是常用於旅行或較長途路程的大型巴士。通常有舒適座位和放行李的空間。
sports|football|Association football|是兩隊主要用腳踢球的運動。把球踢進對方球門可得分，除守門員在指定範圍外，通常不能用手碰球。
sports|basketball|Basketball|是兩隊運球、傳球和投籃的運動。把球投進對方的籃框可得分，移動時通常要拍球。
sports|swimming|Swimming (sport)|是在水中用手腳動作前進的運動。有不同泳式，學游泳時要有合資格成人看管，不能獨自下水。
sports|running|Running|是用雙腳較快地向前移動的活動。可以在跑道或安全場地練習，運動前要熱身。
sports|badminton|Badminton|是用球拍把羽毛球打過網的運動。可以一對一或兩對兩比賽，目標是讓球落在對方場內。
sports|tennis|Tennis|是用球拍把網球打過球網的運動。球在場內彈地後仍可回擊，可以單打或雙打。
sports|table-tennis|Table tennis|是在球桌兩邊用小球拍擊球的運動。球要越過中間的網，並按規則在桌面彈起。
sports|volleyball|Volleyball|是兩隊隔網把球擊到對方場地的運動。隊員合作接球和傳球，避免球落在自己場內。
sports|rugby|Rugby union|是用橢圓形球進行的團隊運動。球員可抱球跑、踢球和向後傳球，在對方得分區達陣可得分。
sports|golf|Golf|是用球桿把小球打進球洞的運動。球場有不同球洞，目標是用較少次擊球完成。
sports|cycling|Cycling|是踩單車前進的活動或運動。可以練習平衡和耐力，應戴頭盔並在合適安全的地方進行。
sports|skipping|Skipping rope|是擺動繩子，雙腳或單腳跳過繩子的運動。可以練習節奏和協調，周圍要留足夠空間。
sports|gymnastics|Gymnastics|是練習平衡、柔軟度和身體控制的運動。可能包含翻滾、跳躍或器械動作，應由教練指導。
sports|dancing|Dance|是配合節拍移動身體的活動。可以用腳步和手部動作表達感情，有很多不同舞蹈種類。
sports|hiking|Hiking|是在山徑或郊野步行的活動。可以欣賞自然景色，要選合適路線、帶水並與成人同行。
sports|karate|Karate|是一種練習拳、腿和防守動作的武術。學習時重視禮貌、控制和安全，不可用來欺負別人。
sports|judo|Judo|是一種以摔倒和控制對手為主的武術運動。會學習安全跌倒和互相尊重，應在軟墊上由教練指導。
sports|fencing|Fencing|是穿着保護裝備、用專用劍按規則比賽的運動。不同劍種有不同得分部位，需要教練指導。
sports|archery|Archery|是用弓把箭射向靶子的運動。目標是射中指定位置，只可在安全場地和教練指導下練習。
sports|baseball|Baseball|是兩隊輪流擊球和守備的運動。擊球員用球棒打球後跑壘，按規則跑回本壘可得分。
sports|softball|Softball|是與棒球相似的球類運動，使用的球通常較大。球員輪流擊球、跑壘和守備，投球通常採用下手方式。
sports|hockey|Field hockey|是用彎頭球棍在地面上擊球的團隊運動。目標是把球打進對方球門，這裏指草地曲棍球。
sports|ice-skating|Ice skating|是穿着底部有冰刀的鞋，在冰面上滑行的活動。要練習平衡和煞停，初學者應由教練指導。
sports|surfing|Surfing|是站在滑浪板上，借海浪力量滑行的水上運動。需要懂得水上安全，不能在沒有指導下自行嘗試。
sports|bowling|Ten-pin bowling|是把保齡球沿球道滾向球瓶的運動。目標是擊倒較多球瓶，球道很滑，不可走上去。
instruments|piano|Piano|是有黑白琴鍵的樂器。按鍵時帶動小槌敲擊琴弦發聲，可以同時彈出旋律和伴奏。
instruments|violin|Violin|是通常有四條弦的小型弦樂器。演奏時放在肩頸附近，用弓拉弦或用手撥弦發聲。
instruments|guitar|Guitar|是有琴身、琴頸和琴弦的樂器，常見款式有六條弦。用手按弦，再撥動或掃動琴弦演奏。
instruments|drum|Drum|是敲擊鼓面來發聲的樂器。可以用手或鼓棍敲打，常用來帶出音樂的節拍。
instruments|flute|Western concert flute|是橫着拿、向吹口吹氣的管樂器。按不同按鍵改變音高，常用金屬製成。
instruments|trumpet|Trumpet|是有喇叭形出口的銅管樂器。用嘴唇振動配合吹氣發聲，按活塞改變音高。
instruments|trombone|Trombone|是常用伸縮滑管改變音高的銅管樂器。演奏者一邊吹氣，一邊把滑管推出或拉回。
instruments|saxophone|Saxophone|是用一片簧片振動發聲的管樂器。琴身通常是金屬製成，按鍵可以改變音高。
instruments|clarinet|Clarinet|是直身、用一片簧片吹奏的木管樂器。按孔和按鍵改變音高，底部通常有喇叭形出口。
instruments|oboe|Oboe|是用兩片小簧片一起振動發聲的木管樂器。外形與單簧管有點相似，但吹嘴和聲音不同。
instruments|recorder|Recorder (musical instrument)|是直着吹、用手指蓋住不同音孔的管樂器。常見於音樂課，吹氣時不用另外安裝簧片。
instruments|cello|Cello|是比小提琴大的弦樂器，通常有四條弦。演奏時坐着，把琴放在兩膝之間，用弓拉弦。
instruments|harp|Harp|是有許多條琴弦的樂器，琴身常呈三角形。用手指撥動不同琴弦，就能演奏不同音高。
instruments|ukulele|Ukulele|是外形像小結他的弦樂器，通常有四條弦。琴身較小，可以用手指撥弦或掃弦演奏。
instruments|keyboard|Electronic keyboard|是有黑白琴鍵、靠電子系統發聲的樂器。常能選擇不同音色，也可能附有節奏伴奏。
instruments|xylophone|Xylophone|是由長短不同的木製音板組成的敲擊樂器。用槌敲音板，不同音板會發出不同音高。
instruments|tambourine|Tambourine|是周圍裝有小金屬鈴片的手持樂器。搖動或拍打時會發聲，常用來配合節拍。
instruments|triangle-instrument|Triangle (musical instrument)|是彎成三角形的金屬棒樂器。用線吊起，再用金屬棒敲打，會發出清亮的聲音。
instruments|cymbals|Cymbal|是圓形金屬片製成的敲擊樂器。可以兩片互碰或用鼓棍敲擊，發出響亮的聲音。
instruments|maracas|Maraca|是裏面裝有小顆粒的搖奏樂器。握着手柄搖動時，顆粒碰撞發聲，常用來帶出節奏。
instruments|accordion|Accordion|是有風箱和琴鍵或按鈕的樂器。拉開和壓合風箱時推動空氣，配合按鍵演奏。
instruments|harmonica|Harmonica|是放在嘴邊吹氣或吸氣的小樂器。空氣令裏面的簧片振動，不同小孔可發出不同聲音。
instruments|bass-guitar|Bass guitar|是常用來演奏低音的結他，常見款式有四條較粗的弦。通常連接音箱，在樂隊中配合節奏。
instruments|french-horn|French horn|是管身盤繞成圈、出口像大喇叭的銅管樂器。吹氣配合嘴唇振動發聲，用按鍵改變音高。
instruments|tuba|Tuba|是體積很大、能發出低音的銅管樂器。管身彎曲，頂部有大喇叭口，常在樂隊中演奏低音部分。
appliances|fridge|Refrigerator|是保持低溫、儲存食物的電器。冷藏格讓食物保冷，冰格可冷凍食物，但食物仍要在適當期限內吃完。
appliances|television|Television set|是顯示影像和播放聲音的電器。可以看節目、新聞或影片，觀看時要保持適當距離並定時休息。
appliances|fan|Fan (machine)|是用轉動的扇葉推動空氣的電器。吹出的風讓人感到較涼快，不能把手指伸進扇罩。
appliances|washing-machine|Washing machine|是自動清洗衣服的電器。加入合適洗衣用品後，機器用水和轉動清洗衣物，再排水和脫水。
appliances|air-conditioner|Air conditioning|是調節室內溫度的設備，家中常用來降溫。它把室內部分熱量帶到室外，有些款式也能供暖。
appliances|microwave|Microwave oven|是利用微波加熱食物的電器。要用適合微波爐的容器，金屬物件一般不應放入，須由成人操作。
appliances|oven|Oven|是用熱空氣等方式烘焗食物的設備。可焗麵包、蛋糕或肉類，內部和烤盤很熱，須由成人操作。
appliances|cooker|Kitchen stove|是把鍋或鑊加熱、用來煮飯菜的設備。可以用來煲湯、炒菜或煎食物，有煤氣和電力款式，爐面很熱，要由成人操作。
appliances|rice-cooker|Rice cooker|是主要用來煮飯的電器。把洗好的米和適量水放進內鍋，開始煮飯後，有些款式會自動轉為保溫。
appliances|kettle|Electric kettle|是用電把水煮熱的水壺。水沸騰後很多款式會自動停止加熱，熱水和蒸氣會燙傷人，要由成人操作。
appliances|toaster|Toaster|是把麵包烘至熱和脆的電器。麵包放進槽內烘烤，不可把手或金屬工具伸進去。
appliances|blender|Blender|是用快速轉動的刀片把食材攪碎或混合的電器。常用來製作果汁或濃湯，刀片鋒利，要由成人操作。
appliances|vacuum-cleaner|Vacuum cleaner|是利用吸力收集灰塵和小碎屑的電器。可以清潔地板或地氈，灰塵會收集在塵袋或集塵盒裏。
appliances|hair-dryer|Hair dryer|是吹出空氣、幫助弄乾頭髮的電器。常可選冷風或暖風，應遠離水和浴缸使用。
appliances|iron|Clothes iron|是利用熱力把衣服熨平的工具。部分款式會噴出蒸氣，底板很熱，只應由成人操作。
appliances|dishwasher|Dishwasher|是自動清洗碗碟的電器。用水、洗碗用品和噴水系統清潔餐具，有些還能烘乾。
appliances|computer|Personal computer|是處理資料的電子設備。可以用來打字、學習、計算和看影片，常配合螢幕、鍵盤和滑鼠使用。
appliances|laptop|Laptop|是把螢幕和鍵盤連在一起、可以摺合的電腦。方便帶出門，通常有充電池，也可以接電源使用。
appliances|printer|Printer (computing)|是把電腦中的文字或圖片印在紙上的設備。使用墨水或碳粉打印，紙張要按指示放好。
appliances|speaker|Loudspeaker|是把電訊號轉成聲音的設備。可以連接電腦、電視或音樂播放器，音量不要開得太大。
appliances|radio|Radio receiver|是接收廣播訊號、播放聲音的設備。調到不同頻道，可以收聽新聞、音樂或其他節目。
appliances|camera|Camera|是拍攝照片或影片的設備。鏡頭收集光線，把看到的景物記錄下來，拍人之前應先徵求同意。
appliances|electric-toothbrush|Electric toothbrush|是用電力讓刷頭轉動或震動的牙刷。配合牙膏和正確方法清潔牙齒，仍要仔細刷到每個位置。
appliances|dehumidifier|Dehumidifier|是把空氣中部分水分收集起來的電器。可以降低室內濕度，收集的水通常流入水箱，需要定時清理。
appliances|air-purifier|Air purifier|是利用濾網等方法減少空氣中部分微粒的電器。可以過濾某些灰塵或花粉，但不能代替通風和清潔。
places|school|School|是學生上課和學習的地方。老師在這裏教導不同科目，學生也會和同學一起活動。
places|park|Park|是供人休息和遊玩的公共地方。通常有樹木、步道或座椅，有些也有遊樂設施。
places|library|Library|是收藏書本和其他資料、供人閱讀或借閱的地方。使用時要保持安靜，借走的書要按時歸還。
places|hospital|Hospital|是為病人和傷者提供檢查、治療和護理的地方。醫生、護士和其他醫護人員在這裏工作。
places|supermarket|Supermarket|是出售食品和日用品的商店。貨品放在貨架上，顧客選好後到收銀處付款。
places|home|House|是自己和家人生活、休息的地方。家可以是大廈中的單位，也可以是獨立房屋，不一定是同一種建築。
places|classroom|Classroom|是學校中老師和學生上課的房間。通常有桌椅、黑板或顯示屏，供大家學習和討論。
places|playground|Playground|是供小朋友玩耍的地方。常有滑梯、鞦韆或攀爬設施，玩時要守規則並由成人看管。
places|restaurant|Restaurant|是提供飯菜和座位、讓顧客付費用餐的地方。可以按餐牌點菜，有些也提供外賣。
places|bakery|Bakery|是製作或售賣麵包和其他烘焙食品的店。常可以買到麵包、蛋糕或餅乾。
places|post-office|Post office|是辦理寄信、寄包裹等郵政服務的地方。可以買郵票，或把要寄出的物件交給職員。
places|police-station|Police station|是警員辦公和處理警務的地方。市民可以到這裏報案或尋求警務協助。
places|fire-station|Fire station|是消防員值勤和停放消防車的地方。接到緊急通知時，消防員會從這裏出發救援。
places|bank|Bank|是提供存款、提款和其他金融服務的機構或營業地方。人們可以把錢存入戶口，再按需要提取。
places|market|Wet market|是有多個攤檔售賣貨品的地方。香港街市常賣蔬菜、水果、魚和肉等新鮮食材。
places|shopping-centre|Shopping mall|是集中很多商店的建築或地方。裏面可能有餐廳、超級市場和其他設施，方便購物和用餐。
places|cinema|Movie theater|是讓觀眾付費觀看電影的地方。電影在大銀幕播放，觀看時要安靜並把手機調成靜音。
places|museum|Museum|是收藏和展示有歷史、科學或藝術價值物件的地方。人們可以看展覽，了解不同知識和文化。
places|zoo|Zoo|是飼養和展示不同動物的地方。參觀時可觀察動物，但不可隨意餵食或敲打圍欄。
places|aquarium|Public aquarium|是讓人觀察魚類和其他水生動物的地方。通常有大型水缸和展覽，這裏指供人參觀的水族館。
places|airport|Airport|是飛機起飛、降落和乘客上落機的地方。通常有跑道和客運大樓，乘客在這裏辦理登機手續。
places|bus-stop|Bus stop|是巴士按路線停靠、讓乘客上落車的位置。通常有站牌，有些有候車亭，等車時要排隊並遠離路邊。
places|railway-station|Train station|是乘客上落火車的地方。通常有月台和路線資訊，候車時要站在安全線後面。
places|beach|Beach|是海邊或湖邊有沙或小石的地方。可以散步和玩沙，游泳時要遵守救生員指示。
places|swimming-pool|Swimming pool|是專門供人游泳的水池。常有不同深度或泳線，小朋友要由成人看管，不能在池邊奔跑。
